GROUP,PACKAGE,CLASS,INSTRUCTION_MISSED,INSTRUCTION_COVERED,BRANCH_MISSED,BRANCH_COVERED,LINE_MISSED,LINE_COVERED,COMPLEXITY_MISSED,COMPLEXITY_COVERED,METHOD_MISSED,METHOD_COVERED
Sinaq API Core,io.sinaq.api.events,ReportEvent,15,62,2,0,2,17,2,9,1,9
Sinaq API Core,io.sinaq.api.events,EventType,0,165,0,0,0,28,0,1,0,1
Sinaq API Core,io.sinaq.api.events,ReportEvent.Builder,8,49,0,0,2,12,1,6,1,6
Sinaq API Core,io.sinaq.api.events,EventPublisher,0,4,0,0,0,1,0,1,0,1
Sinaq API Core,io.sinaq.api.parallel,ParallelRequests,7,80,0,6,2,16,0,5,0,2
Sinaq API Core,io.sinaq.api.parallel,ParallelBatch,8,101,1,7,2,17,1,5,0,2
Sinaq API Core,io.sinaq.api.parallel,ParallelBatch.ParallelResult,2,24,1,1,0,5,1,3,0,3
Sinaq API Core,io.sinaq.api.metrics,RequestMetrics,0,62,0,0,0,8,0,2,0,2
Sinaq API Core,io.sinaq.api.http,HttpHeaders.Builder,8,88,0,0,2,15,1,6,1,6
Sinaq API Core,io.sinaq.api.http,HttpMethod,0,45,0,0,0,2,0,1,0,1
Sinaq API Core,io.sinaq.api.http,MultipartBody.Builder,23,32,0,0,5,7,2,4,2,4
Sinaq API Core,io.sinaq.api.http,HttpCookie,0,47,0,2,0,7,0,3,0,2
Sinaq API Core,io.sinaq.api.http,HttpHeaders,21,137,0,4,5,23,3,18,3,16
Sinaq API Core,io.sinaq.api.http,HttpTimeout,0,52,0,4,0,12,0,7,0,5
Sinaq API Core,io.sinaq.api.http,HttpPathParams,13,28,0,0,3,8,3,6,3,6
Sinaq API Core,io.sinaq.api.http,MultipartBody,5,174,2,10,1,36,2,7,0,3
Sinaq API Core,io.sinaq.api.http,HttpEngine,0,1,0,0,0,1,0,1,0,1
Sinaq API Core,io.sinaq.api.http,HttpHeaders.Entry,0,9,0,0,0,1,0,1,0,1
Sinaq API Core,io.sinaq.api.http,HttpPathParams.Builder,0,37,0,2,0,7,0,4,0,3
Sinaq API Core,io.sinaq.api.http,HttpQueryParams,28,55,0,0,5,10,4,10,4,10
Sinaq API Core,io.sinaq.api.http,HttpResponse,0,4,0,0,0,1,0,1,0,1
Sinaq API Core,io.sinaq.api.http,HttpQueryParams.Builder,0,33,0,2,0,5,0,4,0,3
Sinaq API Core,io.sinaq.api.http,HttpQueryParams.Param,0,17,0,0,0,4,0,1,0,1
Sinaq API Core,io.sinaq.api.http,ImmutableHttpResponse,9,96,4,4,0,26,4,10,0,10
Sinaq API Core,io.sinaq.api.http,HttpBody,8,85,1,1,1,17,2,11,1,11
Sinaq API Core,io.sinaq.api.http,HttpStatus,7,90,8,20,1,11,9,14,1,8
Sinaq API Core,io.sinaq.api.http,MultipartBody.Part,1,44,1,1,0,6,1,3,0,3
Sinaq API Core,io.sinaq.api.assertion,SoftAssertions,122,62,1,1,11,15,20,7,19,7
Sinaq API Core,io.sinaq.api.assertion,SchemaValidator,5,2,0,0,1,1,1,1,1,1
Sinaq API Core,io.sinaq.api.template,RequestTemplateRegistry,15,26,1,1,3,7,3,3,2,3
Sinaq API Core,io.sinaq.api.template,RequestTemplate,9,71,0,2,3,17,3,7,3,6
Sinaq API Core,io.sinaq.api.template,RequestTemplate.Builder,0,54,0,0,0,11,0,5,0,5
Sinaq API Core,io.sinaq.api.internal.events,SyncEventPublisher,0,54,0,2,0,15,0,5,0,4
Sinaq API Core,io.sinaq.api.replay,ReplayPlayer,19,86,6,9,4,21,6,6,0,2
Sinaq API Core,io.sinaq.api.replay,ReplayPlayer.ReplayResult,0,6,0,0,0,1,0,1,0,1
Sinaq API Core,io.sinaq.api.context,SinaqTestContextHolder,7,9,0,0,4,2,2,2,2,2
Sinaq API Core,io.sinaq.api.context,TestContext,11,32,1,1,1,6,2,1,1,1
Sinaq API Core,io.sinaq.api.context,RequestContext,0,5,0,0,0,2,0,2,0,2
Sinaq API Core,io.sinaq.api.context,ExecutionContext,0,32,0,0,0,6,0,2,0,2
Sinaq API Core,io.sinaq.api.cache,ResponseCache,0,57,1,5,0,16,1,8,0,6
Sinaq API Core,io.sinaq.api.config,SinaqConfig.Builder,17,110,2,8,4,28,4,12,2,9
Sinaq API Core,io.sinaq.api.config,EnvironmentProfile,0,90,1,7,0,17,1,7,0,4
Sinaq API Core,io.sinaq.api.config,RetryPolicy,7,61,1,5,1,12,1,7,0,5
Sinaq API Core,io.sinaq.api.config,ConfigLoader,54,252,10,26,14,55,10,20,2,10
Sinaq API Core,io.sinaq.api.config,ConfigKeys,0,7,0,0,0,1,0,1,0,1
Sinaq API Core,io.sinaq.api.config,SinaqConfig,12,81,0,0,2,23,1,9,1,9
Sinaq API Core,io.sinaq.api.config,RetryPolicy.Builder,0,53,0,0,0,10,0,7,0,7
Sinaq API Core,io.sinaq.api.internal.extraction,BuiltInExtractionProvider,0,9,0,0,0,2,0,2,0,2
Sinaq API Core,io.sinaq.api.extraction,ExtractionProvider,0,2,0,0,0,1,0,1,0,1
Sinaq API Core,io.sinaq.api.request,ApiRequest,2,53,1,1,0,9,1,2,0,2
Sinaq API Core,io.sinaq.api.request,RequestSpec,160,1087,22,72,31,222,37,72,15,47
Sinaq API Core,io.sinaq.api.report,ReportExporter,12,85,0,2,0,15,2,3,2,2
Sinaq API Core,io.sinaq.api.graphql,GraphQl,4,33,2,2,1,8,3,2,1,2
Sinaq API Core,io.sinaq.api.distributed,DistributedRunner.DistributedResult,3,25,2,2,0,4,2,3,0,3
Sinaq API Core,io.sinaq.api.distributed,DistributedRunner,8,109,1,7,2,20,1,5,0,2
Sinaq API Core,io.sinaq.api.distributed,DistributedRunner.WorkerResult,0,12,0,0,0,1,0,1,0,1
Sinaq API Core,io.sinaq.api.auth,RefreshingTokenProvider.TokenResponse,0,13,0,0,0,3,0,1,0,1
Sinaq API Core,io.sinaq.api.auth,RefreshingTokenProvider,4,45,0,0,2,10,1,4,1,4
Sinaq API Core,io.sinaq.api.auth,TokenCache.Entry,0,9,0,0,0,1,0,1,0,1
Sinaq API Core,io.sinaq.api.auth,JwtAuth,0,17,0,0,0,5,0,2,0,2
Sinaq API Core,io.sinaq.api.auth,ApiKeyAuth,0,28,0,0,0,8,0,3,0,3
Sinaq API Core,io.sinaq.api.auth,TokenProvider,2,0,0,0,1,0,1,0,1,0
Sinaq API Core,io.sinaq.api.auth,TokenCache,5,72,0,6,2,17,1,9,1,6
Sinaq API Core,io.sinaq.api.auth,CustomAuth,0,14,0,0,0,5,0,2,0,2
Sinaq API Core,io.sinaq.api.auth,BearerAuth,0,17,0,0,0,5,0,2,0,2
Sinaq API Core,io.sinaq.api.auth,BasicAuth,0,32,0,0,0,8,0,2,0,2
Sinaq API Core,io.sinaq.api.auth,BearerTokenAuth,0,18,0,0,0,5,0,2,0,2
Sinaq API Core,io.sinaq.api.serialization,SerializationProvider,0,2,0,0,0,1,0,1,0,1
Sinaq API Core,io.sinaq.api.plugin,SinaqPlugin,0,1,0,0,0,1,0,1,0,1
Sinaq API Core,io.sinaq.api.plugin,PluginRegistry,0,41,0,0,0,13,0,6,0,6
Sinaq API Core,io.sinaq.api.data,TestData,31,43,2,2,5,9,3,7,2,6
Sinaq API Core,io.sinaq.api.exception,SinaqAssertionException,5,10,0,0,1,3,1,2,1,2
Sinaq API Core,io.sinaq.api.exception,SinaqEngineException,0,15,0,0,0,4,0,3,0,3
Sinaq API Core,io.sinaq.api.exception,SinaqTimeoutException,5,10,0,0,1,3,1,2,1,2
Sinaq API Core,io.sinaq.api.exception,SinaqSerializationException,11,4,0,0,3,1,2,1,2,1
Sinaq API Core,io.sinaq.api.exception,SinaqConfigurationException,6,9,0,0,2,2,1,2,1,2
Sinaq API Core,io.sinaq.api.exception,SinaqException,0,37,0,2,0,10,0,6,0,5
Sinaq API Core,io.sinaq.api.exception,SinaqHttpException,0,15,0,0,0,4,0,3,0,3
Sinaq API Core,io.sinaq.api.masking,Masker,4,241,3,13,2,45,3,16,0,11
Sinaq API Core,io.sinaq.api.masking,Masker.Builder,0,47,0,0,0,9,0,4,0,4
Sinaq API Core,io.sinaq.api.response,ApiResponse,101,429,14,30,14,78,15,41,4,30
Sinaq API Core,io.sinaq.api.validation,DbValidator,1,0,0,0,1,0,1,0,1,0
Sinaq API Core,io.sinaq.api.validation,DbAssertions,0,29,0,0,0,9,0,4,0,4
Sinaq API Core,io.sinaq.api.internal.json,JsonWriter,76,228,10,26,13,55,10,18,0,4
Sinaq API Core,io.sinaq.api.internal.json,Json,109,353,22,43,16,79,22,30,0,13
Sinaq API Core,io.sinaq.api.internal.json,JsonPathLite,22,205,9,31,4,44,9,15,0,4
Sinaq API Core,io.sinaq.api.internal.json,BuiltInSerializationProvider,16,43,8,6,2,9,6,5,0,4
Sinaq API Core,io.sinaq.api.har,HarExporter,9,232,0,2,0,43,1,6,1,5
Sinaq API Core,io.sinaq.api.conformance,ConformanceFixture,0,46,0,0,0,8,0,1,0,1
Sinaq API Core,io.sinaq.api,SinaqRuntime,0,28,0,0,0,12,0,6,0,6
Sinaq API Core,io.sinaq.api.polling,PollSpec,40,131,7,5,8,32,7,9,3,7
Sinaq API Core,io.sinaq.api.messaging,MessageExpectation.Builder,0,23,0,0,0,6,0,4,0,4
Sinaq API Core,io.sinaq.api.messaging,InMemoryMessageBus,26,67,2,4,8,13,3,6,1,5
Sinaq API Core,io.sinaq.api.messaging,MessageValidator,14,0,0,0,3,0,2,0,2,0
Sinaq API Core,io.sinaq.api.messaging,MessageExpectation,12,56,3,5,2,15,3,6,0,5
Sinaq API Core,io.sinaq.api.messaging,MessageRecord,6,31,3,3,0,6,3,1,0,1
Sinaq API Core,io.sinaq.api.client,Sinaq,11,4,0,0,2,1,2,1,2,1
Sinaq API Core,io.sinaq.api.client,ApiClient.Builder,65,162,5,3,16,40,10,15,7,14
Sinaq API Core,io.sinaq.api.client,ApiClient,10,129,0,0,3,33,1,20,1,20
Sinaq API Core,io.sinaq.api.recording,ExchangeRecorder,21,161,5,9,6,37,5,8,0,6
Sinaq API Core,io.sinaq.api.recording,RecordedExchange,10,67,5,5,0,10,5,1,0,1
Sinaq API Core,io.sinaq.api.recording,ExchangeRecorder.Pending,0,18,0,0,0,1,0,1,0,1
Sinaq API Core,io.sinaq.api.contract,ContractExpectation,10,42,5,5,0,8,5,2,0,2
Sinaq API Core,io.sinaq.api.contract,ContractVerifier,38,103,4,10,8,24,4,12,0,9
Sinaq API Core,io.sinaq.api.contract,ContractExpectation.Builder,0,48,0,0,0,12,0,7,0,7
Sinaq API Core,io.sinaq.api.interceptor,RequestInterceptor,0,4,0,0,0,2,0,2,0,2
Sinaq API Core,io.sinaq.api.internal.log,SinaqLog,7,20,3,1,2,8,3,3,1,3
Sinaq API Core,io.sinaq.api.internal.context,DefaultRequestContext,2,44,1,1,0,8,1,5,0,5
